"Genera","Abundance"
"Simonsiella",0
"Simonsiella",0
"Simonsiella",0
"Simonsiella",0
"Simonsiella",0
"Simonsiella",0
"Simonsiella",0
"Simonsiella",0
"Simonsiella",0
"Simonsiella",0
"Simonsiella",0
"Simonsiella",0
"Simonsiella",0
"Simonsiella",0
"Simonsiella",0
"Simonsiella",0
"Simonsiella",0
"Treponema",0
"Treponema",0
"Treponema",0
"Treponema",0
"Treponema",0.015213176
"Treponema",0.095982653
"Treponema",0
"Treponema",0.059431658
"Treponema",0
"Treponema",0.110355161
"Treponema",0.047619048
"Treponema",0
"Treponema",0
"Treponema",0
"Treponema",0
"Treponema",0
"Treponema",0
"Campylobacter",0
"Campylobacter",0
"Campylobacter",0.013617811
"Campylobacter",0
"Campylobacter",0.020081775
"Campylobacter",0.010038383
"Campylobacter",0.027851276
"Campylobacter",0.014381454
"Campylobacter",0
"Campylobacter",0.023285951
"Campylobacter",0
"Campylobacter",0.017048526
"Campylobacter",0.03699498
"Campylobacter",0.010923535
"Campylobacter",0.091138081
"Campylobacter",0
"Campylobacter",0
"Helicobacter",0
"Helicobacter",0
"Helicobacter",0
"Helicobacter",0
"Helicobacter",0
"Helicobacter",0
"Helicobacter",0
"Helicobacter",0
"Helicobacter",0
"Helicobacter",0
"Helicobacter",0
"Helicobacter",0
"Helicobacter",0
"Helicobacter",0
"Helicobacter",0
"Helicobacter",0
"Helicobacter",0
"Paracoccus",0
"Paracoccus",0
"Paracoccus",0
"Paracoccus",0
"Paracoccus",0
"Paracoccus",0
"Paracoccus",0
"Paracoccus",0
"Paracoccus",0
"Paracoccus",0
"Paracoccus",0
"Paracoccus",0
"Paracoccus",0
"Paracoccus",0
"Paracoccus",0
"Paracoccus",0
"Paracoccus",0
"Comamonas",0
"Comamonas",0
"Comamonas",0
"Comamonas",0
"Comamonas",0
"Comamonas",0
"Comamonas",0
"Comamonas",0
"Comamonas",0
"Comamonas",0
"Comamonas",0
"Comamonas",0
"Comamonas",0
"Comamonas",0
"Comamonas",0
"Comamonas",0
"Comamonas",0
"Pseudomonas",0
"Pseudomonas",0
"Pseudomonas",0
"Pseudomonas",0
"Pseudomonas",0
"Pseudomonas",0
"Pseudomonas",0
"Pseudomonas",0
"Pseudomonas",0
"Pseudomonas",0
"Pseudomonas",0
"Pseudomonas",0
"Pseudomonas",0
"Pseudomonas",0
"Pseudomonas",0
"Pseudomonas",0
"Pseudomonas",0
"Xanthomonas",0
"Xanthomonas",0
"Xanthomonas",0
"Xanthomonas",0
"Xanthomonas",0
"Xanthomonas",0
"Xanthomonas",0
"Xanthomonas",0
"Xanthomonas",0
"Xanthomonas",0
"Xanthomonas",0
"Xanthomonas",0
"Xanthomonas",0
"Xanthomonas",0
"Xanthomonas",0
"Xanthomonas",0
"Xanthomonas",0
"Agrobacterium",0
"Agrobacterium",0
"Agrobacterium",0
"Agrobacterium",0
"Agrobacterium",0
"Agrobacterium",0
"Agrobacterium",0
"Agrobacterium",0
"Agrobacterium",0
"Agrobacterium",0
"Agrobacterium",0
"Agrobacterium",0
"Agrobacterium",0
"Agrobacterium",0
"Agrobacterium",0
"Agrobacterium",0
"Agrobacterium",0
"Bradyrhizobium",0
"Bradyrhizobium",0
"Bradyrhizobium",0
"Bradyrhizobium",0
"Bradyrhizobium",0
"Bradyrhizobium",0
"Bradyrhizobium",0
"Bradyrhizobium",0
"Bradyrhizobium",0
"Bradyrhizobium",0
"Bradyrhizobium",0
"Bradyrhizobium",0
"Bradyrhizobium",0
"Bradyrhizobium",0
"Bradyrhizobium",0
"Bradyrhizobium",0
"Bradyrhizobium",0
"Acinetobacter",0
"Acinetobacter",0
"Acinetobacter",0
"Acinetobacter",0
"Acinetobacter",0
"Acinetobacter",0
"Acinetobacter",0
"Acinetobacter",0
"Acinetobacter",0
"Acinetobacter",0
"Acinetobacter",0
"Acinetobacter",0
"Acinetobacter",0
"Acinetobacter",0
"Acinetobacter",0
"Acinetobacter",0
"Acinetobacter",0
"Neisseria",0
"Neisseria",0
"Neisseria",0.094628481
"Neisseria",0
"Neisseria",0.187412725
"Neisseria",0
"Neisseria",0
"Neisseria",0
"Neisseria",0
"Neisseria",0.012149192
"Neisseria",0
"Neisseria",0
"Neisseria",0
"Neisseria",0.055610725
"Neisseria",0
"Neisseria",0.010335692
"Neisseria",0.251807027
"Psychrobacter",0
"Psychrobacter",0
"Psychrobacter",0
"Psychrobacter",0
"Psychrobacter",0
"Psychrobacter",0
"Psychrobacter",0
"Psychrobacter",0
"Psychrobacter",0
"Psychrobacter",0
"Psychrobacter",0
"Psychrobacter",0
"Psychrobacter",0
"Psychrobacter",0
"Psychrobacter",0
"Psychrobacter",0
"Psychrobacter",0
"Eikenella",0
"Eikenella",0
"Eikenella",0
"Eikenella",0
"Eikenella",0
"Eikenella",0
"Eikenella",0
"Eikenella",0
"Eikenella",0
"Eikenella",0
"Eikenella",0.095238095
"Eikenella",0
"Eikenella",0
"Eikenella",0
"Eikenella",0.01534234
"Eikenella",0
"Eikenella",0
"Citrobacter",0
"Citrobacter",0
"Citrobacter",0
"Citrobacter",0
"Citrobacter",0
"Citrobacter",0
"Citrobacter",0
"Citrobacter",0
"Citrobacter",0
"Citrobacter",0
"Citrobacter",0
"Citrobacter",0
"Citrobacter",0
"Citrobacter",0
"Citrobacter",0
"Citrobacter",0
"Citrobacter",0
"Enterobacter",0
"Enterobacter",0
"Enterobacter",0
"Enterobacter",0
"Enterobacter",0
"Enterobacter",0
"Enterobacter",0
"Enterobacter",0
"Enterobacter",0
"Enterobacter",0
"Enterobacter",0
"Enterobacter",0
"Enterobacter",0
"Enterobacter",0
"Enterobacter",0
"Enterobacter",0
"Enterobacter",0
"Escherichia",0
"Escherichia",0
"Escherichia",0
"Escherichia",0
"Escherichia",0
"Escherichia",0
"Escherichia",0
"Escherichia",0
"Escherichia",0
"Escherichia",0
"Escherichia",0
"Escherichia",0
"Escherichia",0
"Escherichia",0
"Escherichia",0
"Escherichia",0
"Escherichia",0
"Klebsiella",0
"Klebsiella",0
"Klebsiella",0
"Klebsiella",0
"Klebsiella",0
"Klebsiella",0
"Klebsiella",0
"Klebsiella",0
"Klebsiella",0
"Klebsiella",0
"Klebsiella",0
"Klebsiella",0
"Klebsiella",0
"Klebsiella",0
"Klebsiella",0
"Klebsiella",0
"Klebsiella",0
"Shigella",0
"Shigella",0
"Shigella",0
"Shigella",0
"Shigella",0
"Shigella",0
"Shigella",0
"Shigella",0
"Shigella",0
"Shigella",0
"Shigella",0
"Shigella",0
"Shigella",0
"Shigella",0
"Shigella",0
"Shigella",0
"Shigella",0
"Actinobacillus",0
"Actinobacillus",0
"Actinobacillus",0
"Actinobacillus",0
"Actinobacillus",0
"Actinobacillus",0
"Actinobacillus",0
"Actinobacillus",0
"Actinobacillus",0
"Actinobacillus",0
"Actinobacillus",0
"Actinobacillus",0
"Actinobacillus",0
"Actinobacillus",0
"Actinobacillus",0
"Actinobacillus",0
"Actinobacillus",0
"Haemophilus",0
"Haemophilus",0
"Haemophilus",0.017780498
"Haemophilus",0
"Haemophilus",0.067954131
"Haemophilus",0.077898008
"Haemophilus",0
"Haemophilus",0.036926637
"Haemophilus",0
"Haemophilus",0
"Haemophilus",0
"Haemophilus",0
"Haemophilus",0
"Haemophilus",0.024826216
"Haemophilus",0
"Haemophilus",0.146498736
"Haemophilus",0.046779168
"Pasteurella",0
"Pasteurella",0
"Pasteurella",0
"Pasteurella",0
"Pasteurella",0
"Pasteurella",0
"Pasteurella",0
"Pasteurella",0
"Pasteurella",0
"Pasteurella",0
"Pasteurella",0
"Pasteurella",0
"Pasteurella",0
"Pasteurella",0
"Pasteurella",0
"Pasteurella",0
"Pasteurella",0
"Bacteroides",0
"Bacteroides",0
"Bacteroides",0
"Bacteroides",0
"Bacteroides",0
"Bacteroides",0
"Bacteroides",0
"Bacteroides",0
"Bacteroides",0
"Bacteroides",0
"Bacteroides",0
"Bacteroides",0
"Bacteroides",0
"Bacteroides",0
"Bacteroides",0
"Bacteroides",0
"Bacteroides",0
"Butyrivibrio",0
"Butyrivibrio",0
"Butyrivibrio",0
"Butyrivibrio",0
"Butyrivibrio",0
"Butyrivibrio",0
"Butyrivibrio",0
"Butyrivibrio",0
"Butyrivibrio",0
"Butyrivibrio",0
"Butyrivibrio",0
"Butyrivibrio",0
"Butyrivibrio",0
"Butyrivibrio",0
"Butyrivibrio",0
"Butyrivibrio",0
"Butyrivibrio",0
"Porphyromonas",0
"Porphyromonas",0
"Porphyromonas",0
"Porphyromonas",0
"Porphyromonas",0.019349288
"Porphyromonas",0
"Porphyromonas",0
"Porphyromonas",0.084233185
"Porphyromonas",0
"Porphyromonas",0.101243267
"Porphyromonas",0.035714286
"Porphyromonas",0
"Porphyromonas",0
"Porphyromonas",0
"Porphyromonas",0.052667735
"Porphyromonas",0
"Porphyromonas",0
"Prevotella",0.834164061
"Prevotella",0.510705287
"Prevotella",0.276166257
"Prevotella",0.430030655
"Prevotella",0.196362202
"Prevotella",0.287031143
"Prevotella",0.204982108
"Prevotella",0.087524288
"Prevotella",0.032431663
"Prevotella",0.15895193
"Prevotella",0.380952381
"Prevotella",0.216928905
"Prevotella",0.267821359
"Prevotella",0.286991063
"Prevotella",0.453171514
"Prevotella",0.061661399
"Prevotella",0.168636706
"Roseburia",0
"Roseburia",0
"Roseburia",0
"Roseburia",0
"Roseburia",0
"Roseburia",0
"Roseburia",0
"Roseburia",0
"Roseburia",0
"Roseburia",0
"Roseburia",0
"Roseburia",0
"Roseburia",0
"Roseburia",0
"Roseburia",0
"Roseburia",0
"Roseburia",0
"Fusobacterium",0.111868849
"Fusobacterium",0.066490463
"Fusobacterium",0.04038308
"Fusobacterium",0.149869762
"Fusobacterium",0.076649443
"Fusobacterium",0.044268174
"Fusobacterium",0.151621034
"Fusobacterium",0.057576929
"Fusobacterium",0
"Fusobacterium",0
"Fusobacterium",0.023809524
"Fusobacterium",0
"Fusobacterium",0.174962308
"Fusobacterium",0.086395233
"Fusobacterium",0.114266087
"Fusobacterium",0.020424457
"Fusobacterium",0.04953528
"Desulfovibrio",0
"Desulfovibrio",0
"Desulfovibrio",0
"Desulfovibrio",0
"Desulfovibrio",0
"Desulfovibrio",0
"Desulfovibrio",0
"Desulfovibrio",0
"Desulfovibrio",0
"Desulfovibrio",0
"Desulfovibrio",0
"Desulfovibrio",0
"Desulfovibrio",0
"Desulfovibrio",0
"Desulfovibrio",0
"Desulfovibrio",0
"Desulfovibrio",0
"Acidaminococcus",0
"Acidaminococcus",0
"Acidaminococcus",0
"Acidaminococcus",0
"Acidaminococcus",0
"Acidaminococcus",0
"Acidaminococcus",0
"Acidaminococcus",0
"Acidaminococcus",0
"Acidaminococcus",0
"Acidaminococcus",0
"Acidaminococcus",0
"Acidaminococcus",0
"Acidaminococcus",0
"Acidaminococcus",0
"Acidaminococcus",0
"Acidaminococcus",0
"Megasphaera",0
"Megasphaera",0
"Megasphaera",0.022198536
"Megasphaera",0
"Megasphaera",0
"Megasphaera",0
"Megasphaera",0
"Megasphaera",0.016911626
"Megasphaera",0
"Megasphaera",0
"Megasphaera",0
"Megasphaera",0
"Megasphaera",0
"Megasphaera",0
"Megasphaera",0
"Megasphaera",0
"Megasphaera",0
"Selenomonas",0
"Selenomonas",0
"Selenomonas",0
"Selenomonas",0
"Selenomonas",0
"Selenomonas",0.04652293
"Selenomonas",0
"Selenomonas",0
"Selenomonas",0
"Selenomonas",0.014174057
"Selenomonas",0.023809524
"Selenomonas",0
"Selenomonas",0
"Selenomonas",0.049652433
"Selenomonas",0
"Selenomonas",0
"Selenomonas",0
"Capnocytophaga",0
"Capnocytophaga",0
"Capnocytophaga",0.011254815
"Capnocytophaga",0.013130114
"Capnocytophaga",0
"Capnocytophaga",0
"Capnocytophaga",0
"Capnocytophaga",0.092699951
"Capnocytophaga",0
"Capnocytophaga",0.034422711
"Capnocytophaga",0.047619048
"Capnocytophaga",0
"Capnocytophaga",0
"Capnocytophaga",0.045680238
"Capnocytophaga",0.012136478
"Capnocytophaga",0
"Capnocytophaga",0.03314809
"Afipia",0
"Afipia",0
"Afipia",0
"Afipia",0
"Afipia",0
"Afipia",0
"Afipia",0
"Afipia",0
"Afipia",0
"Afipia",0
"Afipia",0
"Afipia",0
"Afipia",0
"Afipia",0
"Afipia",0
"Afipia",0
"Afipia",0
"Peptostreptococcus",0
"Peptostreptococcus",0
"Peptostreptococcus",0
"Peptostreptococcus",0
"Peptostreptococcus",0
"Peptostreptococcus",0
"Peptostreptococcus",0
"Peptostreptococcus",0
"Peptostreptococcus",0
"Peptostreptococcus",0.020248653
"Peptostreptococcus",0.023809524
"Peptostreptococcus",0
"Peptostreptococcus",0
"Peptostreptococcus",0
"Peptostreptococcus",0
"Peptostreptococcus",0
"Peptostreptococcus",0.011323418
"Ruminococcus",0
"Ruminococcus",0
"Ruminococcus",0
"Ruminococcus",0
"Ruminococcus",0
"Ruminococcus",0
"Ruminococcus",0
"Ruminococcus",0
"Ruminococcus",0
"Ruminococcus",0
"Ruminococcus",0
"Ruminococcus",0
"Ruminococcus",0
"Ruminococcus",0
"Ruminococcus",0
"Ruminococcus",0
"Ruminococcus",0
"Staphylococcus",0
"Staphylococcus",0
"Staphylococcus",0
"Staphylococcus",0
"Staphylococcus",0
"Staphylococcus",0
"Staphylococcus",0
"Staphylococcus",0
"Staphylococcus",0
"Staphylococcus",0
"Staphylococcus",0
"Staphylococcus",0
"Staphylococcus",0
"Staphylococcus",0
"Staphylococcus",0
"Staphylococcus",0
"Staphylococcus",0
"Streptococcus",0
"Streptococcus",0.091083606
"Streptococcus",0.106843355
"Streptococcus",0.020990735
"Streptococcus",0.079317828
"Streptococcus",0.115474717
"Streptococcus",0
"Streptococcus",0.177051509
"Streptococcus",0.712819462
"Streptococcus",0.165026526
"Streptococcus",0.047619048
"Streptococcus",0.227788379
"Streptococcus",0.077602751
"Streptococcus",0.083416087
"Streptococcus",0.043966109
"Streptococcus",0.220573467
"Streptococcus",0.203030479
"Enterococcus",0
"Enterococcus",0
"Enterococcus",0
"Enterococcus",0
"Enterococcus",0
"Enterococcus",0
"Enterococcus",0
"Enterococcus",0
"Enterococcus",0
"Enterococcus",0
"Enterococcus",0
"Enterococcus",0
"Enterococcus",0
"Enterococcus",0
"Enterococcus",0
"Enterococcus",0
"Enterococcus",0
"Gemella",0
"Gemella",0.025425514
"Gemella",0
"Gemella",0
"Gemella",0
"Gemella",0
"Gemella",0
"Gemella",0
"Gemella",0
"Gemella",0.010124327
"Gemella",0
"Gemella",0
"Gemella",0
"Gemella",0
"Gemella",0
"Gemella",0.055876234
"Gemella",0.027804035
"Atopobium",0
"Atopobium",0.051857073
"Atopobium",0.016229365
"Atopobium",0.011110096
"Atopobium",0
"Atopobium",0.014112844
"Atopobium",0
"Atopobium",0.041632829
"Atopobium",0
"Atopobium",0.010124327
"Atopobium",0
"Atopobium",0.043111237
"Atopobium",0.01612337
"Atopobium",0.011916584
"Atopobium",0
"Atopobium",0
"Atopobium",0
"Clostridium",0
"Clostridium",0
"Clostridium",0
"Clostridium",0
"Clostridium",0
"Clostridium",0
"Clostridium",0
"Clostridium",0
"Clostridium",0
"Clostridium",0
"Clostridium",0
"Clostridium",0
"Clostridium",0
"Clostridium",0
"Clostridium",0
"Clostridium",0
"Clostridium",0
"Lactobacillus",0
"Lactobacillus",0
"Lactobacillus",0
"Lactobacillus",0
"Lactobacillus",0
"Lactobacillus",0
"Lactobacillus",0
"Lactobacillus",0
"Lactobacillus",0
"Lactobacillus",0.020248653
"Lactobacillus",0
"Lactobacillus",0
"Lactobacillus",0
"Lactobacillus",0
"Lactobacillus",0
"Lactobacillus",0
"Lactobacillus",0
"Actinomyces",0
"Actinomyces",0
"Actinomyces",0.077333097
"Actinomyces",0.020433254
"Actinomyces",0.067540328
"Actinomyces",0.029482339
"Actinomyces",0
"Actinomyces",0.132378511
"Actinomyces",0.01595505
"Actinomyces",0.103997084
"Actinomyces",0.023809524
"Actinomyces",0.143946629
"Actinomyces",0.106995001
"Actinomyces",0.095332671
"Actinomyces",0
"Actinomyces",0.062031316
"Actinomyces",0
"Bifidobacterium",0
"Bifidobacterium",0
"Bifidobacterium",0
"Bifidobacterium",0
"Bifidobacterium",0
"Bifidobacterium",0
"Bifidobacterium",0
"Bifidobacterium",0
"Bifidobacterium",0
"Bifidobacterium",0
"Bifidobacterium",0
"Bifidobacterium",0
"Bifidobacterium",0
"Bifidobacterium",0
"Bifidobacterium",0
"Bifidobacterium",0
"Bifidobacterium",0
"Brevibacterium",0
"Brevibacterium",0
"Brevibacterium",0
"Brevibacterium",0
"Brevibacterium",0
"Brevibacterium",0
"Brevibacterium",0
"Brevibacterium",0
"Brevibacterium",0
"Brevibacterium",0
"Brevibacterium",0
"Brevibacterium",0
"Brevibacterium",0
"Brevibacterium",0
"Brevibacterium",0
"Brevibacterium",0
"Brevibacterium",0
"Corynebacterium",0
"Corynebacterium",0
"Corynebacterium",0
"Corynebacterium",0
"Corynebacterium",0
"Corynebacterium",0
"Corynebacterium",0
"Corynebacterium",0
"Corynebacterium",0
"Corynebacterium",0
"Corynebacterium",0
"Corynebacterium",0
"Corynebacterium",0
"Corynebacterium",0
"Corynebacterium",0
"Corynebacterium",0
"Corynebacterium",0
"Eubacterium",0
"Eubacterium",0
"Eubacterium",0
"Eubacterium",0
"Eubacterium",0
"Eubacterium",0
"Eubacterium",0
"Eubacterium",0
"Eubacterium",0
"Eubacterium",0
"Eubacterium",0
"Eubacterium",0
"Eubacterium",0
"Eubacterium",0
"Eubacterium",0
"Eubacterium",0
"Eubacterium",0
"Propionibacterium",0
"Propionibacterium",0
"Propionibacterium",0
"Propionibacterium",0
"Propionibacterium",0
"Propionibacterium",0
"Propionibacterium",0
"Propionibacterium",0
"Propionibacterium",0
"Propionibacterium",0
"Propionibacterium",0.071428571
"Propionibacterium",0
"Propionibacterium",0
"Propionibacterium",0
"Propionibacterium",0
"Propionibacterium",0
"Propionibacterium",0
"Mycobacterium",0
"Mycobacterium",0
"Mycobacterium",0
"Mycobacterium",0
"Mycobacterium",0
"Mycobacterium",0
"Mycobacterium",0
"Mycobacterium",0
"Mycobacterium",0
"Mycobacterium",0
"Mycobacterium",0
"Mycobacterium",0
"Mycobacterium",0
"Mycobacterium",0
"Mycobacterium",0
"Mycobacterium",0
"Mycobacterium",0
"Mobiluncus",0
"Mobiluncus",0
"Mobiluncus",0
"Mobiluncus",0
"Mobiluncus",0
"Mobiluncus",0
"Mobiluncus",0
"Mobiluncus",0
"Mobiluncus",0
"Mobiluncus",0
"Mobiluncus",0
"Mobiluncus",0
"Mobiluncus",0
"Mobiluncus",0
"Mobiluncus",0
"Mobiluncus",0
"Mobiluncus",0
"Gordonia",0
"Gordonia",0
"Gordonia",0
"Gordonia",0
"Gordonia",0
"Gordonia",0
"Gordonia",0
"Gordonia",0
"Gordonia",0
"Gordonia",0
"Gordonia",0
"Gordonia",0
"Gordonia",0
"Gordonia",0
"Gordonia",0
"Gordonia",0
"Gordonia",0
"Mycoplasma",0
"Mycoplasma",0
"Mycoplasma",0
"Mycoplasma",0
"Mycoplasma",0
"Mycoplasma",0
"Mycoplasma",0.051800088
"Mycoplasma",0
"Mycoplasma",0
"Mycoplasma",0
"Mycoplasma",0
"Mycoplasma",0
"Mycoplasma",0
"Mycoplasma",0
"Mycoplasma",0
"Mycoplasma",0
"Mycoplasma",0
"Thermosipho",0
"Thermosipho",0
"Thermosipho",0
"Thermosipho",0
"Thermosipho",0
"Thermosipho",0
"Thermosipho",0
"Thermosipho",0
"Thermosipho",0
"Thermosipho",0
"Thermosipho",0
"Thermosipho",0
"Thermosipho",0
"Thermosipho",0
"Thermosipho",0
"Thermosipho",0
"Thermosipho",0
"Gardnerella",0
"Gardnerella",0
"Gardnerella",0
"Gardnerella",0
"Gardnerella",0
"Gardnerella",0
"Gardnerella",0
"Gardnerella",0
"Gardnerella",0
"Gardnerella",0
"Gardnerella",0
"Gardnerella",0
"Gardnerella",0
"Gardnerella",0
"Gardnerella",0
"Gardnerella",0
"Gardnerella",0
"Cardiobacterium",0
"Cardiobacterium",0
"Cardiobacterium",0
"Cardiobacterium",0
"Cardiobacterium",0
"Cardiobacterium",0
"Cardiobacterium",0
"Cardiobacterium",0
"Cardiobacterium",0
"Cardiobacterium",0
"Cardiobacterium",0
"Cardiobacterium",0
"Cardiobacterium",0
"Cardiobacterium",0
"Cardiobacterium",0
"Cardiobacterium",0
"Cardiobacterium",0
"Lachnospira",0
"Lachnospira",0
"Lachnospira",0
"Lachnospira",0
"Lachnospira",0
"Lachnospira",0
"Lachnospira",0
"Lachnospira",0
"Lachnospira",0
"Lachnospira",0
"Lachnospira",0
"Lachnospira",0
"Lachnospira",0
"Lachnospira",0
"Lachnospira",0
"Lachnospira",0
"Lachnospira",0
"Sinorhizobium",0
"Sinorhizobium",0
"Sinorhizobium",0
"Sinorhizobium",0
"Sinorhizobium",0
"Sinorhizobium",0
"Sinorhizobium",0
"Sinorhizobium",0
"Sinorhizobium",0
"Sinorhizobium",0
"Sinorhizobium",0
"Sinorhizobium",0
"Sinorhizobium",0
"Sinorhizobium",0
"Sinorhizobium",0
"Sinorhizobium",0
"Sinorhizobium",0
"Rikenella",0
"Rikenella",0
"Rikenella",0
"Rikenella",0
"Rikenella",0
"Rikenella",0
"Rikenella",0
"Rikenella",0
"Rikenella",0
"Rikenella",0
"Rikenella",0
"Rikenella",0
"Rikenella",0
"Rikenella",0
"Rikenella",0
"Rikenella",0
"Rikenella",0
"Veillonella",0
"Veillonella",0
"Veillonella",0.147565012
"Veillonella",0.015927061
"Veillonella",0.136397322
"Veillonella",0.039424665
"Veillonella",0
"Veillonella",0
"Veillonella",0.025126573
"Veillonella",0.028348115
"Veillonella",0
"Veillonella",0.190409442
"Veillonella",0.055554404
"Veillonella",0.064548163
"Veillonella",0
"Veillonella",0.082297508
"Veillonella",0.025935484
"Helcococcus",0
"Helcococcus",0
"Helcococcus",0
"Helcococcus",0
"Helcococcus",0
"Helcococcus",0
"Helcococcus",0
"Helcococcus",0
"Helcococcus",0
"Helcococcus",0
"Helcococcus",0
"Helcococcus",0
"Helcococcus",0
"Helcococcus",0
"Helcococcus",0
"Helcococcus",0
"Helcococcus",0
"Leptotrichia",0
"Leptotrichia",0
"Leptotrichia",0.062209153
"Leptotrichia",0
"Leptotrichia",0.018961385
"Leptotrichia",0.013315824
"Leptotrichia",0
"Leptotrichia",0.024874548
"Leptotrichia",0
"Leptotrichia",0
"Leptotrichia",0
"Leptotrichia",0
"Leptotrichia",0.016267882
"Leptotrichia",0
"Leptotrichia",0
"Leptotrichia",0
"Leptotrichia",0.010706796
"Rothia",0
"Rothia",0.011157959
"Rothia",0.049136967
"Rothia",0.016082447
"Rothia",0.023753333
"Rothia",0.092302223
"Rothia",0
"Rothia",0
"Rothia",0.065586583
"Rothia",0.021261086
"Rothia",0.035714286
"Rothia",0.150828541
"Rothia",0.06985682
"Rothia",0.033763654
"Rothia",0
"Rothia",0.302203759
"Rothia",0.047003394
"Kingella",0
"Kingella",0
"Kingella",0
"Kingella",0
"Kingella",0
"Kingella",0
"Kingella",0
"Kingella",0
"Kingella",0
"Kingella",0
"Kingella",0
"Kingella",0
"Kingella",0
"Kingella",0
"Kingella",0
"Kingella",0
"Kingella",0
"Phascolarctobacterium",0
"Phascolarctobacterium",0
"Phascolarctobacterium",0
"Phascolarctobacterium",0
"Phascolarctobacterium",0
"Phascolarctobacterium",0
"Phascolarctobacterium",0
"Phascolarctobacterium",0
"Phascolarctobacterium",0
"Phascolarctobacterium",0
"Phascolarctobacterium",0
"Phascolarctobacterium",0
"Phascolarctobacterium",0
"Phascolarctobacterium",0
"Phascolarctobacterium",0
"Phascolarctobacterium",0
"Phascolarctobacterium",0
"Coprococcus",0
"Coprococcus",0
"Coprococcus",0
"Coprococcus",0
"Coprococcus",0
"Coprococcus",0
"Coprococcus",0
"Coprococcus",0
"Coprococcus",0
"Coprococcus",0
"Coprococcus",0
"Coprococcus",0
"Coprococcus",0
"Coprococcus",0
"Coprococcus",0
"Coprococcus",0
"Coprococcus",0
"Streptobacillus",0
"Streptobacillus",0
"Streptobacillus",0
"Streptobacillus",0
"Streptobacillus",0
"Streptobacillus",0
"Streptobacillus",0
"Streptobacillus",0
"Streptobacillus",0
"Streptobacillus",0
"Streptobacillus",0
"Streptobacillus",0
"Streptobacillus",0
"Streptobacillus",0
"Streptobacillus",0
"Streptobacillus",0
"Streptobacillus",0
"Acetivibrio",0
"Acetivibrio",0
"Acetivibrio",0
"Acetivibrio",0
"Acetivibrio",0
"Acetivibrio",0
"Acetivibrio",0
"Acetivibrio",0
"Acetivibrio",0
"Acetivibrio",0
"Acetivibrio",0
"Acetivibrio",0
"Acetivibrio",0
"Acetivibrio",0
"Acetivibrio",0
"Acetivibrio",0
"Acetivibrio",0
"Bilophila",0
"Bilophila",0
"Bilophila",0
"Bilophila",0
"Bilophila",0
"Bilophila",0
"Bilophila",0
"Bilophila",0
"Bilophila",0
"Bilophila",0
"Bilophila",0
"Bilophila",0
"Bilophila",0
"Bilophila",0
"Bilophila",0
"Bilophila",0
"Bilophila",0
"Dietzia",0
"Dietzia",0
"Dietzia",0
"Dietzia",0
"Dietzia",0
"Dietzia",0
"Dietzia",0
"Dietzia",0
"Dietzia",0
"Dietzia",0
"Dietzia",0
"Dietzia",0
"Dietzia",0
"Dietzia",0
"Dietzia",0
"Dietzia",0
"Dietzia",0
"Dialister",0
"Dialister",0.055515421
"Dialister",0
"Dialister",0.011887026
"Dialister",0
"Dialister",0.016663021
"Dialister",0.030808934
"Dialister",0.011139328
"Dialister",0
"Dialister",0
"Dialister",0
"Dialister",0
"Dialister",0
"Dialister",0
"Dialister",0
"Dialister",0
"Dialister",0
"Sutterella",0
"Sutterella",0
"Sutterella",0
"Sutterella",0
"Sutterella",0
"Sutterella",0
"Sutterella",0
"Sutterella",0
"Sutterella",0
"Sutterella",0
"Sutterella",0
"Sutterella",0
"Sutterella",0
"Sutterella",0
"Sutterella",0
"Sutterella",0
"Sutterella",0
"Tissierella",0
"Tissierella",0
"Tissierella",0
"Tissierella",0
"Tissierella",0
"Tissierella",0
"Tissierella",0
"Tissierella",0
"Tissierella",0
"Tissierella",0
"Tissierella",0
"Tissierella",0
"Tissierella",0
"Tissierella",0
"Tissierella",0
"Tissierella",0
"Tissierella",0
"Brevundimonas",0
"Brevundimonas",0
"Brevundimonas",0
"Brevundimonas",0
"Brevundimonas",0
"Brevundimonas",0
"Brevundimonas",0
"Brevundimonas",0
"Brevundimonas",0
"Brevundimonas",0
"Brevundimonas",0
"Brevundimonas",0
"Brevundimonas",0
"Brevundimonas",0
"Brevundimonas",0
"Brevundimonas",0
"Brevundimonas",0
"Johnsonella",0
"Johnsonella",0
"Johnsonella",0
"Johnsonella",0
"Johnsonella",0
"Johnsonella",0
"Johnsonella",0
"Johnsonella",0
"Johnsonella",0
"Johnsonella",0
"Johnsonella",0
"Johnsonella",0
"Johnsonella",0
"Johnsonella",0
"Johnsonella",0
"Johnsonella",0
"Johnsonella",0
"Catonella",0
"Catonella",0
"Catonella",0
"Catonella",0
"Catonella",0
"Catonella",0.021390059
"Catonella",0
"Catonella",0
"Catonella",0
"Catonella",0
"Catonella",0
"Catonella",0
"Catonella",0
"Catonella",0.015888779
"Catonella",0
"Catonella",0
"Catonella",0
"Polynucleobacter",0
"Polynucleobacter",0
"Polynucleobacter",0
"Polynucleobacter",0
"Polynucleobacter",0
"Polynucleobacter",0
"Polynucleobacter",0
"Polynucleobacter",0
"Polynucleobacter",0
"Polynucleobacter",0
"Polynucleobacter",0
"Polynucleobacter",0
"Polynucleobacter",0
"Polynucleobacter",0
"Polynucleobacter",0
"Polynucleobacter",0
"Polynucleobacter",0
"Filifactor",0
"Filifactor",0
"Filifactor",0
"Filifactor",0
"Filifactor",0
"Filifactor",0
"Filifactor",0
"Filifactor",0
"Filifactor",0
"Filifactor",0
"Filifactor",0
"Filifactor",0
"Filifactor",0
"Filifactor",0
"Filifactor",0
"Filifactor",0
"Filifactor",0
"Abiotrophia",0
"Abiotrophia",0
"Abiotrophia",0
"Abiotrophia",0
"Abiotrophia",0
"Abiotrophia",0
"Abiotrophia",0
"Abiotrophia",0
"Abiotrophia",0
"Abiotrophia",0
"Abiotrophia",0
"Abiotrophia",0
"Abiotrophia",0
"Abiotrophia",0
"Abiotrophia",0
"Abiotrophia",0
"Abiotrophia",0
"Lautropia",0
"Lautropia",0
"Lautropia",0
"Lautropia",0
"Lautropia",0
"Lautropia",0
"Lautropia",0
"Lautropia",0
"Lautropia",0
"Lautropia",0
"Lautropia",0
"Lautropia",0
"Lautropia",0
"Lautropia",0
"Lautropia",0
"Lautropia",0
"Lautropia",0
"Mitsuokella",0
"Mitsuokella",0
"Mitsuokella",0
"Mitsuokella",0
"Mitsuokella",0
"Mitsuokella",0
"Mitsuokella",0
"Mitsuokella",0
"Mitsuokella",0
"Mitsuokella",0
"Mitsuokella",0
"Mitsuokella",0
"Mitsuokella",0
"Mitsuokella",0
"Mitsuokella",0
"Mitsuokella",0
"Mitsuokella",0
"Chryseobacterium",0
"Chryseobacterium",0
"Chryseobacterium",0
"Chryseobacterium",0
"Chryseobacterium",0
"Chryseobacterium",0
"Chryseobacterium",0
"Chryseobacterium",0
"Chryseobacterium",0
"Chryseobacterium",0
"Chryseobacterium",0
"Chryseobacterium",0
"Chryseobacterium",0
"Chryseobacterium",0
"Chryseobacterium",0
"Chryseobacterium",0
"Chryseobacterium",0
"Empedobacter",0
"Empedobacter",0
"Empedobacter",0
"Empedobacter",0
"Empedobacter",0
"Empedobacter",0
"Empedobacter",0
"Empedobacter",0
"Empedobacter",0
"Empedobacter",0
"Empedobacter",0
"Empedobacter",0
"Empedobacter",0
"Empedobacter",0
"Empedobacter",0
"Empedobacter",0
"Empedobacter",0
"Bergeyella",0
"Bergeyella",0
"Bergeyella",0
"Bergeyella",0
"Bergeyella",0
"Bergeyella",0
"Bergeyella",0
"Bergeyella",0
"Bergeyella",0
"Bergeyella",0
"Bergeyella",0
"Bergeyella",0
"Bergeyella",0
"Bergeyella",0
"Bergeyella",0
"Bergeyella",0
"Bergeyella",0
"Holdemania",0
"Holdemania",0
"Holdemania",0
"Holdemania",0
"Holdemania",0
"Holdemania",0
"Holdemania",0
"Holdemania",0
"Holdemania",0
"Holdemania",0
"Holdemania",0
"Holdemania",0
"Holdemania",0
"Holdemania",0
"Holdemania",0
"Holdemania",0
"Holdemania",0
"Mannheimia",0
"Mannheimia",0
"Mannheimia",0
"Mannheimia",0
"Mannheimia",0
"Mannheimia",0
"Mannheimia",0
"Mannheimia",0
"Mannheimia",0
"Mannheimia",0
"Mannheimia",0
"Mannheimia",0
"Mannheimia",0
"Mannheimia",0
"Mannheimia",0
"Mannheimia",0
"Mannheimia",0
"Actinobaculum",0
"Actinobaculum",0
"Actinobaculum",0
"Actinobaculum",0
"Actinobaculum",0
"Actinobaculum",0
"Actinobaculum",0
"Actinobaculum",0
"Actinobaculum",0
"Actinobaculum",0
"Actinobaculum",0
"Actinobaculum",0
"Actinobaculum",0
"Actinobaculum",0
"Actinobaculum",0
"Actinobaculum",0
"Actinobaculum",0
"Delftia",0
"Delftia",0
"Delftia",0
"Delftia",0
"Delftia",0
"Delftia",0
"Delftia",0
"Delftia",0
"Delftia",0
"Delftia",0
"Delftia",0
"Delftia",0
"Delftia",0
"Delftia",0
"Delftia",0
"Delftia",0
"Delftia",0
"Centipeda",0
"Centipeda",0
"Centipeda",0
"Centipeda",0
"Centipeda",0
"Centipeda",0
"Centipeda",0
"Centipeda",0
"Centipeda",0
"Centipeda",0
"Centipeda",0
"Centipeda",0
"Centipeda",0
"Centipeda",0
"Centipeda",0
"Centipeda",0
"Centipeda",0
"Leclercia",0
"Leclercia",0
"Leclercia",0
"Leclercia",0
"Leclercia",0
"Leclercia",0
"Leclercia",0
"Leclercia",0
"Leclercia",0
"Leclercia",0
"Leclercia",0
"Leclercia",0
"Leclercia",0
"Leclercia",0
"Leclercia",0
"Leclercia",0
"Leclercia",0
"Slackia",0
"Slackia",0
"Slackia",0
"Slackia",0
"Slackia",0
"Slackia",0
"Slackia",0
"Slackia",0
"Slackia",0
"Slackia",0
"Slackia",0
"Slackia",0
"Slackia",0
"Slackia",0
"Slackia",0
"Slackia",0
"Slackia",0
"Eggerthella",0
"Eggerthella",0
"Eggerthella",0
"Eggerthella",0
"Eggerthella",0
"Eggerthella",0
"Eggerthella",0
"Eggerthella",0
"Eggerthella",0
"Eggerthella",0
"Eggerthella",0
"Eggerthella",0
"Eggerthella",0
"Eggerthella",0
"Eggerthella",0
"Eggerthella",0
"Eggerthella",0
"Cryptobacterium",0
"Cryptobacterium",0
"Cryptobacterium",0
"Cryptobacterium",0
"Cryptobacterium",0
"Cryptobacterium",0
"Cryptobacterium",0
"Cryptobacterium",0
"Cryptobacterium",0
"Cryptobacterium",0
"Cryptobacterium",0
"Cryptobacterium",0
"Cryptobacterium",0
"Cryptobacterium",0
"Cryptobacterium",0
"Cryptobacterium",0
"Cryptobacterium",0
"Pedobacter",0
"Pedobacter",0
"Pedobacter",0
"Pedobacter",0
"Pedobacter",0
"Pedobacter",0
"Pedobacter",0
"Pedobacter",0
"Pedobacter",0
"Pedobacter",0
"Pedobacter",0
"Pedobacter",0
"Pedobacter",0
"Pedobacter",0
"Pedobacter",0
"Pedobacter",0
"Pedobacter",0
"Mogibacterium",0
"Mogibacterium",0
"Mogibacterium",0
"Mogibacterium",0
"Mogibacterium",0
"Mogibacterium",0
"Mogibacterium",0
"Mogibacterium",0
"Mogibacterium",0
"Mogibacterium",0
"Mogibacterium",0
"Mogibacterium",0
"Mogibacterium",0
"Mogibacterium",0
"Mogibacterium",0
"Mogibacterium",0
"Mogibacterium",0
"Coprobacillus",0
"Coprobacillus",0
"Coprobacillus",0
"Coprobacillus",0
"Coprobacillus",0
"Coprobacillus",0
"Coprobacillus",0
"Coprobacillus",0
"Coprobacillus",0
"Coprobacillus",0
"Coprobacillus",0
"Coprobacillus",0
"Coprobacillus",0
"Coprobacillus",0
"Coprobacillus",0
"Coprobacillus",0
"Coprobacillus",0
"Collinsella",0
"Collinsella",0
"Collinsella",0
"Collinsella",0
"Collinsella",0
"Collinsella",0
"Collinsella",0
"Collinsella",0
"Collinsella",0
"Collinsella",0
"Collinsella",0
"Collinsella",0
"Collinsella",0
"Collinsella",0
"Collinsella",0
"Collinsella",0
"Collinsella",0
"Ensifer",0
"Ensifer",0
"Ensifer",0
"Ensifer",0
"Ensifer",0
"Ensifer",0
"Ensifer",0
"Ensifer",0
"Ensifer",0
"Ensifer",0
"Ensifer",0
"Ensifer",0
"Ensifer",0
"Ensifer",0
"Ensifer",0
"Ensifer",0
"Ensifer",0
"Pseudoramibacter",0
"Pseudoramibacter",0
"Pseudoramibacter",0
"Pseudoramibacter",0
"Pseudoramibacter",0
"Pseudoramibacter",0
"Pseudoramibacter",0
"Pseudoramibacter",0
"Pseudoramibacter",0
"Pseudoramibacter",0
"Pseudoramibacter",0
"Pseudoramibacter",0
"Pseudoramibacter",0
"Pseudoramibacter",0
"Pseudoramibacter",0
"Pseudoramibacter",0
"Pseudoramibacter",0
"Granulicatella",0
"Granulicatella",0
"Granulicatella",0
"Granulicatella",0
"Granulicatella",0
"Granulicatella",0
"Granulicatella",0
"Granulicatella",0.032085192
"Granulicatella",0
"Granulicatella",0
"Granulicatella",0
"Granulicatella",0
"Granulicatella",0
"Granulicatella",0
"Granulicatella",0
"Granulicatella",0
"Granulicatella",0.010174259
"Bulleidia",0
"Bulleidia",0
"Bulleidia",0
"Bulleidia",0
"Bulleidia",0
"Bulleidia",0
"Bulleidia",0
"Bulleidia",0
"Bulleidia",0
"Bulleidia",0
"Bulleidia",0
"Bulleidia",0
"Bulleidia",0
"Bulleidia",0
"Bulleidia",0
"Bulleidia",0
"Bulleidia",0
"Solobacterium",0
"Solobacterium",0.02222446
"Solobacterium",0
"Solobacterium",0.037603403
"Solobacterium",0
"Solobacterium",0.010233726
"Solobacterium",0.028631769
"Solobacterium",0.013348209
"Solobacterium",0
"Solobacterium",0
"Solobacterium",0.071428571
"Solobacterium",0
"Solobacterium",0
"Solobacterium",0
"Solobacterium",0.013052439
"Solobacterium",0
"Solobacterium",0.010183602
"Olsenella",0
"Olsenella",0
"Olsenella",0
"Olsenella",0
"Olsenella",0
"Olsenella",0
"Olsenella",0
"Olsenella",0
"Olsenella",0
"Olsenella",0
"Olsenella",0.023809524
"Olsenella",0
"Olsenella",0
"Olsenella",0
"Olsenella",0
"Olsenella",0
"Olsenella",0
"Catenibacterium",0
"Catenibacterium",0
"Catenibacterium",0
"Catenibacterium",0
"Catenibacterium",0
"Catenibacterium",0
"Catenibacterium",0
"Catenibacterium",0
"Catenibacterium",0
"Catenibacterium",0
"Catenibacterium",0
"Catenibacterium",0
"Catenibacterium",0
"Catenibacterium",0
"Catenibacterium",0
"Catenibacterium",0
"Catenibacterium",0
"Anaeroglobus",0
"Anaeroglobus",0
"Anaeroglobus",0
"Anaeroglobus",0.037681096
"Anaeroglobus",0
"Anaeroglobus",0
"Anaeroglobus",0.036929642
"Anaeroglobus",0
"Anaeroglobus",0
"Anaeroglobus",0
"Anaeroglobus",0
"Anaeroglobus",0
"Anaeroglobus",0
"Anaeroglobus",0
"Anaeroglobus",0
"Anaeroglobus",0
"Anaeroglobus",0
"Raoultella",0
"Raoultella",0
"Raoultella",0
"Raoultella",0
"Raoultella",0
"Raoultella",0
"Raoultella",0
"Raoultella",0
"Raoultella",0
"Raoultella",0
"Raoultella",0
"Raoultella",0
"Raoultella",0
"Raoultella",0
"Raoultella",0
"Raoultella",0
"Raoultella",0
"Peptoniphilus",0
"Peptoniphilus",0.012987133
"Peptoniphilus",0
"Peptoniphilus",0
"Peptoniphilus",0
"Peptoniphilus",0
"Peptoniphilus",0
"Peptoniphilus",0
"Peptoniphilus",0
"Peptoniphilus",0
"Peptoniphilus",0
"Peptoniphilus",0
"Peptoniphilus",0
"Peptoniphilus",0
"Peptoniphilus",0
"Peptoniphilus",0
"Peptoniphilus",0
"Anaerococcus",0
"Anaerococcus",0
"Anaerococcus",0
"Anaerococcus",0
"Anaerococcus",0
"Anaerococcus",0
"Anaerococcus",0
"Anaerococcus",0
"Anaerococcus",0
"Anaerococcus",0
"Anaerococcus",0
"Anaerococcus",0
"Anaerococcus",0
"Anaerococcus",0
"Anaerococcus",0
"Anaerococcus",0
"Anaerococcus",0
"Sneathia",0
"Sneathia",0
"Sneathia",0
"Sneathia",0
"Sneathia",0
"Sneathia",0
"Sneathia",0
"Sneathia",0
"Sneathia",0
"Sneathia",0
"Sneathia",0
"Sneathia",0
"Sneathia",0
"Sneathia",0
"Sneathia",0
"Sneathia",0
"Sneathia",0
"Shuttleworthia",0
"Shuttleworthia",0
"Shuttleworthia",0
"Shuttleworthia",0
"Shuttleworthia",0
"Shuttleworthia",0
"Shuttleworthia",0
"Shuttleworthia",0.017671042
"Shuttleworthia",0
"Shuttleworthia",0
"Shuttleworthia",0
"Shuttleworthia",0
"Shuttleworthia",0.014368586
"Shuttleworthia",0
"Shuttleworthia",0
"Shuttleworthia",0
"Shuttleworthia",0
"Varibaculum",0
"Varibaculum",0
"Varibaculum",0
"Varibaculum",0
"Varibaculum",0
"Varibaculum",0
"Varibaculum",0
"Varibaculum",0
"Varibaculum",0
"Varibaculum",0
"Varibaculum",0
"Varibaculum",0
"Varibaculum",0
"Varibaculum",0
"Varibaculum",0
"Varibaculum",0
"Varibaculum",0
"Dorea",0
"Dorea",0
"Dorea",0
"Dorea",0
"Dorea",0
"Dorea",0
"Dorea",0
"Dorea",0
"Dorea",0
"Dorea",0
"Dorea",0
"Dorea",0
"Dorea",0
"Dorea",0
"Dorea",0
"Dorea",0
"Dorea",0
"Allofustis",0
"Allofustis",0
"Allofustis",0
"Allofustis",0
"Allofustis",0
"Allofustis",0
"Allofustis",0
"Allofustis",0
"Allofustis",0
"Allofustis",0
"Allofustis",0
"Allofustis",0
"Allofustis",0
"Allofustis",0
"Allofustis",0
"Allofustis",0
"Allofustis",0
"Tannerella",0
"Tannerella",0
"Tannerella",0
"Tannerella",0
"Tannerella",0
"Tannerella",0.013663004
"Tannerella",0.099985261
"Tannerella",0
"Tannerella",0
"Tannerella",0.036447576
"Tannerella",0
"Tannerella",0
"Tannerella",0
"Tannerella",0
"Tannerella",0
"Tannerella",0
"Tannerella",0
"Scardovia",0
"Scardovia",0
"Scardovia",0
"Scardovia",0
"Scardovia",0
"Scardovia",0
"Scardovia",0
"Scardovia",0
"Scardovia",0
"Scardovia",0
"Scardovia",0
"Scardovia",0
"Scardovia",0
"Scardovia",0
"Scardovia",0
"Scardovia",0
"Scardovia",0
"Parascardovia",0
"Parascardovia",0
"Parascardovia",0
"Parascardovia",0
"Parascardovia",0
"Parascardovia",0
"Parascardovia",0
"Parascardovia",0
"Parascardovia",0
"Parascardovia",0
"Parascardovia",0
"Parascardovia",0
"Parascardovia",0
"Parascardovia",0
"Parascardovia",0
"Parascardovia",0
"Parascardovia",0
"Tepidiphilus",0
"Tepidiphilus",0
"Tepidiphilus",0
"Tepidiphilus",0
"Tepidiphilus",0
"Tepidiphilus",0
"Tepidiphilus",0
"Tepidiphilus",0
"Tepidiphilus",0
"Tepidiphilus",0
"Tepidiphilus",0
"Tepidiphilus",0
"Tepidiphilus",0
"Tepidiphilus",0
"Tepidiphilus",0
"Tepidiphilus",0
"Tepidiphilus",0
"Anaerostipes",0
"Anaerostipes",0
"Anaerostipes",0
"Anaerostipes",0
"Anaerostipes",0
"Anaerostipes",0
"Anaerostipes",0
"Anaerostipes",0
"Anaerostipes",0
"Anaerostipes",0
"Anaerostipes",0
"Anaerostipes",0
"Anaerostipes",0
"Anaerostipes",0
"Anaerostipes",0
"Anaerostipes",0
"Anaerostipes",0
"Morococcus",0
"Morococcus",0
"Morococcus",0
"Morococcus",0
"Morococcus",0
"Morococcus",0
"Morococcus",0
"Morococcus",0
"Morococcus",0
"Morococcus",0
"Morococcus",0
"Morococcus",0
"Morococcus",0
"Morococcus",0
"Morococcus",0
"Morococcus",0
"Morococcus",0
"Histophilus",0
"Histophilus",0
"Histophilus",0
"Histophilus",0
"Histophilus",0
"Histophilus",0
"Histophilus",0
"Histophilus",0
"Histophilus",0
"Histophilus",0
"Histophilus",0
"Histophilus",0
"Histophilus",0
"Histophilus",0
"Histophilus",0
"Histophilus",0
"Histophilus",0
"Faecalibacterium",0
"Faecalibacterium",0
"Faecalibacterium",0
"Faecalibacterium",0
"Faecalibacterium",0
"Faecalibacterium",0
"Faecalibacterium",0
"Faecalibacterium",0
"Faecalibacterium",0
"Faecalibacterium",0
"Faecalibacterium",0
"Faecalibacterium",0
"Faecalibacterium",0
"Faecalibacterium",0
"Faecalibacterium",0
"Faecalibacterium",0
"Faecalibacterium",0
"Ottowia",0
"Ottowia",0
"Ottowia",0
"Ottowia",0
"Ottowia",0
"Ottowia",0
"Ottowia",0
"Ottowia",0
"Ottowia",0
"Ottowia",0
"Ottowia",0
"Ottowia",0
"Ottowia",0
"Ottowia",0
"Ottowia",0
"Ottowia",0
"Ottowia",0
"Alistipes",0
"Alistipes",0
"Alistipes",0
"Alistipes",0
"Alistipes",0
"Alistipes",0
"Alistipes",0
"Alistipes",0
"Alistipes",0
"Alistipes",0
"Alistipes",0
"Alistipes",0
"Alistipes",0
"Alistipes",0
"Alistipes",0
"Alistipes",0
"Alistipes",0
"Akkermansia",0
"Akkermansia",0
"Akkermansia",0
"Akkermansia",0
"Akkermansia",0
"Akkermansia",0
"Akkermansia",0
"Akkermansia",0
"Akkermansia",0
"Akkermansia",0
"Akkermansia",0
"Akkermansia",0
"Akkermansia",0
"Akkermansia",0
"Akkermansia",0
"Akkermansia",0
"Akkermansia",0
"Hespellia",0
"Hespellia",0
"Hespellia",0
"Hespellia",0
"Hespellia",0
"Hespellia",0
"Hespellia",0
"Hespellia",0
"Hespellia",0
"Hespellia",0
"Hespellia",0
"Hespellia",0
"Hespellia",0
"Hespellia",0
"Hespellia",0
"Hespellia",0
"Hespellia",0
"Anaerotruncus",0
"Anaerotruncus",0
"Anaerotruncus",0
"Anaerotruncus",0
"Anaerotruncus",0
"Anaerotruncus",0
"Anaerotruncus",0
"Anaerotruncus",0
"Anaerotruncus",0
"Anaerotruncus",0
"Anaerotruncus",0
"Anaerotruncus",0
"Anaerotruncus",0
"Anaerotruncus",0
"Anaerotruncus",0
"Anaerotruncus",0
"Anaerotruncus",0
"Marvinbryantia",0
"Marvinbryantia",0
"Marvinbryantia",0
"Marvinbryantia",0
"Marvinbryantia",0
"Marvinbryantia",0
"Marvinbryantia",0
"Marvinbryantia",0
"Marvinbryantia",0
"Marvinbryantia",0
"Marvinbryantia",0
"Marvinbryantia",0
"Marvinbryantia",0
"Marvinbryantia",0
"Marvinbryantia",0
"Marvinbryantia",0
"Marvinbryantia",0
"Anaerofustis",0
"Anaerofustis",0
"Anaerofustis",0
"Anaerofustis",0
"Anaerofustis",0
"Anaerofustis",0
"Anaerofustis",0
"Anaerofustis",0
"Anaerofustis",0
"Anaerofustis",0
"Anaerofustis",0
"Anaerofustis",0
"Anaerofustis",0
"Anaerofustis",0
"Anaerofustis",0
"Anaerofustis",0
"Anaerofustis",0
"Oribacterium",0
"Oribacterium",0.029083861
"Oribacterium",0.020428943
"Oribacterium",0.020044789
"Oribacterium",0.031503477
"Oribacterium",0
"Oribacterium",0
"Oribacterium",0.012647209
"Oribacterium",0.029413559
"Oribacterium",0
"Oribacterium",0
"Oribacterium",0
"Oribacterium",0.054955712
"Oribacterium",0.018867925
"Oribacterium",0
"Oribacterium",0
"Oribacterium",0
"Catabacter",0
"Catabacter",0
"Catabacter",0
"Catabacter",0
"Catabacter",0
"Catabacter",0
"Catabacter",0
"Catabacter",0
"Catabacter",0
"Catabacter",0
"Catabacter",0
"Catabacter",0
"Catabacter",0
"Catabacter",0
"Catabacter",0
"Catabacter",0
"Catabacter",0
"Odoribacter",0
"Odoribacter",0
"Odoribacter",0
"Odoribacter",0
"Odoribacter",0
"Odoribacter",0
"Odoribacter",0
"Odoribacter",0
"Odoribacter",0
"Odoribacter",0
"Odoribacter",0
"Odoribacter",0
"Odoribacter",0
"Odoribacter",0
"Odoribacter",0
"Odoribacter",0
"Odoribacter",0
"Subdoligranulum",0
"Subdoligranulum",0
"Subdoligranulum",0
"Subdoligranulum",0
"Subdoligranulum",0
"Subdoligranulum",0
"Subdoligranulum",0
"Subdoligranulum",0
"Subdoligranulum",0
"Subdoligranulum",0
"Subdoligranulum",0
"Subdoligranulum",0
"Subdoligranulum",0
"Subdoligranulum",0
"Subdoligranulum",0
"Subdoligranulum",0
"Subdoligranulum",0
"Petrimonas",0
"Petrimonas",0
"Petrimonas",0
"Petrimonas",0
"Petrimonas",0
"Petrimonas",0
"Petrimonas",0
"Petrimonas",0
"Petrimonas",0
"Petrimonas",0
"Petrimonas",0
"Petrimonas",0
"Petrimonas",0
"Petrimonas",0
"Petrimonas",0
"Petrimonas",0
"Petrimonas",0
"Parabacteroides",0
"Parabacteroides",0
"Parabacteroides",0
"Parabacteroides",0
"Parabacteroides",0
"Parabacteroides",0
"Parabacteroides",0
"Parabacteroides",0
"Parabacteroides",0
"Parabacteroides",0
"Parabacteroides",0
"Parabacteroides",0
"Parabacteroides",0
"Parabacteroides",0
"Parabacteroides",0
"Parabacteroides",0
"Parabacteroides",0
"Gulbenkiania",0
"Gulbenkiania",0
"Gulbenkiania",0
"Gulbenkiania",0
"Gulbenkiania",0
"Gulbenkiania",0
"Gulbenkiania",0
"Gulbenkiania",0
"Gulbenkiania",0
"Gulbenkiania",0
"Gulbenkiania",0
"Gulbenkiania",0
"Gulbenkiania",0
"Gulbenkiania",0
"Gulbenkiania",0
"Gulbenkiania",0
"Gulbenkiania",0
"Barnesiella",0
"Barnesiella",0
"Barnesiella",0
"Barnesiella",0
"Barnesiella",0
"Barnesiella",0
"Barnesiella",0
"Barnesiella",0
"Barnesiella",0
"Barnesiella",0
"Barnesiella",0
"Barnesiella",0
"Barnesiella",0
"Barnesiella",0
"Barnesiella",0
"Barnesiella",0
"Barnesiella",0
"Aggregatibacter",0
"Aggregatibacter",0
"Aggregatibacter",0
"Aggregatibacter",0
"Aggregatibacter",0
"Aggregatibacter",0
"Aggregatibacter",0
"Aggregatibacter",0
"Aggregatibacter",0
"Aggregatibacter",0
"Aggregatibacter",0
"Aggregatibacter",0
"Aggregatibacter",0
"Aggregatibacter",0
"Aggregatibacter",0.088390199
"Aggregatibacter",0
"Aggregatibacter",0
"Alloscardovia",0
"Alloscardovia",0
"Alloscardovia",0
"Alloscardovia",0
"Alloscardovia",0
"Alloscardovia",0
"Alloscardovia",0
"Alloscardovia",0
"Alloscardovia",0
"Alloscardovia",0
"Alloscardovia",0
"Alloscardovia",0
"Alloscardovia",0
"Alloscardovia",0
"Alloscardovia",0
"Alloscardovia",0
"Alloscardovia",0
"Lactonifactor",0
"Lactonifactor",0
"Lactonifactor",0
"Lactonifactor",0
"Lactonifactor",0
"Lactonifactor",0
"Lactonifactor",0
"Lactonifactor",0
"Lactonifactor",0
"Lactonifactor",0
"Lactonifactor",0
"Lactonifactor",0
"Lactonifactor",0
"Lactonifactor",0
"Lactonifactor",0
"Lactonifactor",0
"Lactonifactor",0
"Adlercreutzia",0
"Adlercreutzia",0
"Adlercreutzia",0
"Adlercreutzia",0
"Adlercreutzia",0
"Adlercreutzia",0
"Adlercreutzia",0
"Adlercreutzia",0
"Adlercreutzia",0
"Adlercreutzia",0
"Adlercreutzia",0
"Adlercreutzia",0
"Adlercreutzia",0
"Adlercreutzia",0
"Adlercreutzia",0
"Adlercreutzia",0
"Adlercreutzia",0
"Oscillibacter",0
"Oscillibacter",0
"Oscillibacter",0
"Oscillibacter",0
"Oscillibacter",0
"Oscillibacter",0
"Oscillibacter",0
"Oscillibacter",0
"Oscillibacter",0
"Oscillibacter",0
"Oscillibacter",0
"Oscillibacter",0
"Oscillibacter",0
"Oscillibacter",0
"Oscillibacter",0
"Oscillibacter",0
"Oscillibacter",0
"Cloacibacillus",0
"Cloacibacillus",0
"Cloacibacillus",0
"Cloacibacillus",0
"Cloacibacillus",0
"Cloacibacillus",0
"Cloacibacillus",0
"Cloacibacillus",0
"Cloacibacillus",0
"Cloacibacillus",0
"Cloacibacillus",0
"Cloacibacillus",0
"Cloacibacillus",0
"Cloacibacillus",0
"Cloacibacillus",0
"Cloacibacillus",0
"Cloacibacillus",0
"Sharpea",0
"Sharpea",0
"Sharpea",0
"Sharpea",0
"Sharpea",0
"Sharpea",0
"Sharpea",0
"Sharpea",0
"Sharpea",0
"Sharpea",0
"Sharpea",0
"Sharpea",0
"Sharpea",0
"Sharpea",0
"Sharpea",0
"Sharpea",0
"Sharpea",0
"Parvimonas",0
"Parvimonas",0.033473878
"Parvimonas",0
"Parvimonas",0.028591017
"Parvimonas",0
"Parvimonas",0
"Parvimonas",0.022716454
"Parvimonas",0
"Parvimonas",0.082846603
"Parvimonas",0.012149192
"Parvimonas",0.023809524
"Parvimonas",0
"Parvimonas",0.011024174
"Parvimonas",0.011916584
"Parvimonas",0.01465537
"Parvimonas",0
"Parvimonas",0.039828159
"Blautia",0
"Blautia",0
"Blautia",0
"Blautia",0
"Blautia",0
"Blautia",0
"Blautia",0
"Blautia",0
"Blautia",0
"Blautia",0
"Blautia",0
"Blautia",0
"Blautia",0
"Blautia",0
"Blautia",0
"Blautia",0
"Blautia",0
"Butyricimonas",0
"Butyricimonas",0
"Butyricimonas",0
"Butyricimonas",0
"Butyricimonas",0
"Butyricimonas",0
"Butyricimonas",0
"Butyricimonas",0
"Butyricimonas",0
"Butyricimonas",0
"Butyricimonas",0
"Butyricimonas",0
"Butyricimonas",0
"Butyricimonas",0
"Butyricimonas",0
"Butyricimonas",0
"Butyricimonas",0
"Paraprevotella",0
"Paraprevotella",0
"Paraprevotella",0
"Paraprevotella",0
"Paraprevotella",0
"Paraprevotella",0
"Paraprevotella",0
"Paraprevotella",0
"Paraprevotella",0
"Paraprevotella",0
"Paraprevotella",0
"Paraprevotella",0
"Paraprevotella",0
"Paraprevotella",0
"Paraprevotella",0
"Paraprevotella",0
"Paraprevotella",0
"Parasutterella",0
"Parasutterella",0
"Parasutterella",0
"Parasutterella",0
"Parasutterella",0
"Parasutterella",0
"Parasutterella",0
"Parasutterella",0
"Parasutterella",0
"Parasutterella",0
"Parasutterella",0
"Parasutterella",0
"Parasutterella",0
"Parasutterella",0
"Parasutterella",0
"Parasutterella",0
"Parasutterella",0
"Butyricicoccus",0
"Butyricicoccus",0
"Butyricicoccus",0
"Butyricicoccus",0
"Butyricicoccus",0
"Butyricicoccus",0
"Butyricicoccus",0
"Butyricicoccus",0
"Butyricicoccus",0
"Butyricicoccus",0
"Butyricicoccus",0
"Butyricicoccus",0
"Butyricicoccus",0
"Butyricicoccus",0
"Butyricicoccus",0
"Butyricicoccus",0
"Butyricicoccus",0
"Robinsoniella",0
"Robinsoniella",0
"Robinsoniella",0
"Robinsoniella",0
"Robinsoniella",0
"Robinsoniella",0
"Robinsoniella",0
"Robinsoniella",0
"Robinsoniella",0
"Robinsoniella",0
"Robinsoniella",0
"Robinsoniella",0
"Robinsoniella",0
"Robinsoniella",0
"Robinsoniella",0
"Robinsoniella",0
"Robinsoniella",0
"Pyramidobacter",0
"Pyramidobacter",0
"Pyramidobacter",0
"Pyramidobacter",0
"Pyramidobacter",0
"Pyramidobacter",0
"Pyramidobacter",0
"Pyramidobacter",0
"Pyramidobacter",0
"Pyramidobacter",0
"Pyramidobacter",0
"Pyramidobacter",0
"Pyramidobacter",0
"Pyramidobacter",0
"Pyramidobacter",0
"Pyramidobacter",0
"Pyramidobacter",0
"Gordonibacter",0
"Gordonibacter",0
"Gordonibacter",0
"Gordonibacter",0
"Gordonibacter",0
"Gordonibacter",0
"Gordonibacter",0
"Gordonibacter",0
"Gordonibacter",0
"Gordonibacter",0
"Gordonibacter",0
"Gordonibacter",0
"Gordonibacter",0
"Gordonibacter",0
"Gordonibacter",0
"Gordonibacter",0
"Gordonibacter",0
"Anaerosporobacter",0
"Anaerosporobacter",0
"Anaerosporobacter",0
"Anaerosporobacter",0
"Anaerosporobacter",0
"Anaerosporobacter",0
"Anaerosporobacter",0
"Anaerosporobacter",0
"Anaerosporobacter",0
"Anaerosporobacter",0
"Anaerosporobacter",0
"Anaerosporobacter",0
"Anaerosporobacter",0
"Anaerosporobacter",0
"Anaerosporobacter",0
"Anaerosporobacter",0
"Anaerosporobacter",0
"Mycobacteroides",0
"Mycobacteroides",0
"Mycobacteroides",0
"Mycobacteroides",0
"Mycobacteroides",0
"Mycobacteroides",0
"Mycobacteroides",0
"Mycobacteroides",0
"Mycobacteroides",0
"Mycobacteroides",0
"Mycobacteroides",0
"Mycobacteroides",0
"Mycobacteroides",0
"Mycobacteroides",0
"Mycobacteroides",0
"Mycobacteroides",0
"Mycobacteroides",0
"Necropsobacter",0
"Necropsobacter",0
"Necropsobacter",0
"Necropsobacter",0
"Necropsobacter",0
"Necropsobacter",0
"Necropsobacter",0
"Necropsobacter",0
"Necropsobacter",0
"Necropsobacter",0
"Necropsobacter",0
"Necropsobacter",0
"Necropsobacter",0
"Necropsobacter",0
"Necropsobacter",0
"Necropsobacter",0
"Necropsobacter",0
"Phocaeicola",0
"Phocaeicola",0
"Phocaeicola",0
"Phocaeicola",0
"Phocaeicola",0
"Phocaeicola",0
"Phocaeicola",0
"Phocaeicola",0
"Phocaeicola",0
"Phocaeicola",0
"Phocaeicola",0
"Phocaeicola",0
"Phocaeicola",0
"Phocaeicola",0
"Phocaeicola",0
"Phocaeicola",0
"Phocaeicola",0
"Christensenella",0
"Christensenella",0
"Christensenella",0
"Christensenella",0
"Christensenella",0
"Christensenella",0
"Christensenella",0
"Christensenella",0
"Christensenella",0
"Christensenella",0
"Christensenella",0
"Christensenella",0
"Christensenella",0
"Christensenella",0
"Christensenella",0
"Christensenella",0
"Christensenella",0
"Pseudoflavonifractor",0
"Pseudoflavonifractor",0
"Pseudoflavonifractor",0
"Pseudoflavonifractor",0
"Pseudoflavonifractor",0
"Pseudoflavonifractor",0
"Pseudoflavonifractor",0
"Pseudoflavonifractor",0
"Pseudoflavonifractor",0
"Pseudoflavonifractor",0
"Pseudoflavonifractor",0
"Pseudoflavonifractor",0
"Pseudoflavonifractor",0
"Pseudoflavonifractor",0
"Pseudoflavonifractor",0
"Pseudoflavonifractor",0
"Pseudoflavonifractor",0
"Murdochiella",0
"Murdochiella",0
"Murdochiella",0
"Murdochiella",0
"Murdochiella",0
"Murdochiella",0
"Murdochiella",0
"Murdochiella",0
"Murdochiella",0
"Murdochiella",0
"Murdochiella",0
"Murdochiella",0
"Murdochiella",0
"Murdochiella",0
"Murdochiella",0
"Murdochiella",0
"Murdochiella",0
"Lachnoanaerobaculum",0.015629742
"Lachnoanaerobaculum",0
"Lachnoanaerobaculum",0
"Lachnoanaerobaculum",0
"Lachnoanaerobaculum",0
"Lachnoanaerobaculum",0
"Lachnoanaerobaculum",0
"Lachnoanaerobaculum",0
"Lachnoanaerobaculum",0
"Lachnoanaerobaculum",0
"Lachnoanaerobaculum",0
"Lachnoanaerobaculum",0
"Lachnoanaerobaculum",0
"Lachnoanaerobaculum",0
"Lachnoanaerobaculum",0
"Lachnoanaerobaculum",0.010265141
"Lachnoanaerobaculum",0
"Stomatobaculum",0
"Stomatobaculum",0
"Stomatobaculum",0
"Stomatobaculum",0
"Stomatobaculum",0
"Stomatobaculum",0
"Stomatobaculum",0
"Stomatobaculum",0.010518651
"Stomatobaculum",0
"Stomatobaculum",0.011136759
"Stomatobaculum",0
"Stomatobaculum",0
"Stomatobaculum",0.041784509
"Stomatobaculum",0
"Stomatobaculum",0.016258301
"Stomatobaculum",0
"Stomatobaculum",0
"Anaerosphaera",0
"Anaerosphaera",0
"Anaerosphaera",0
"Anaerosphaera",0
"Anaerosphaera",0
"Anaerosphaera",0
"Anaerosphaera",0
"Anaerosphaera",0
"Anaerosphaera",0
"Anaerosphaera",0
"Anaerosphaera",0
"Anaerosphaera",0
"Anaerosphaera",0
"Anaerosphaera",0
"Anaerosphaera",0
"Anaerosphaera",0
"Anaerosphaera",0
"Eggerthia",0
"Eggerthia",0
"Eggerthia",0
"Eggerthia",0
"Eggerthia",0
"Eggerthia",0
"Eggerthia",0
"Eggerthia",0
"Eggerthia",0
"Eggerthia",0
"Eggerthia",0
"Eggerthia",0
"Eggerthia",0
"Eggerthia",0
"Eggerthia",0
"Eggerthia",0
"Eggerthia",0
"Alloprevotella",0
"Alloprevotella",0
"Alloprevotella",0
"Alloprevotella",0.151268236
"Alloprevotella",0
"Alloprevotella",0.018188909
"Alloprevotella",0.314949464
"Alloprevotella",0
"Alloprevotella",0
"Alloprevotella",0.031385413
"Alloprevotella",0
"Alloprevotella",0
"Alloprevotella",0
"Alloprevotella",0.020854022
"Alloprevotella",0
"Alloprevotella",0
"Alloprevotella",0
"Lelliottia",0
"Lelliottia",0
"Lelliottia",0
"Lelliottia",0
"Lelliottia",0
"Lelliottia",0
"Lelliottia",0
"Lelliottia",0
"Lelliottia",0
"Lelliottia",0
"Lelliottia",0
"Lelliottia",0
"Lelliottia",0
"Lelliottia",0
"Lelliottia",0
"Lelliottia",0
"Lelliottia",0
"Coprobacter",0
"Coprobacter",0
"Coprobacter",0
"Coprobacter",0
"Coprobacter",0
"Coprobacter",0
"Coprobacter",0
"Coprobacter",0
"Coprobacter",0
"Coprobacter",0
"Coprobacter",0
"Coprobacter",0
"Coprobacter",0
"Coprobacter",0
"Coprobacter",0
"Coprobacter",0
"Coprobacter",0
"Intestinimonas",0
"Intestinimonas",0
"Intestinimonas",0
"Intestinimonas",0
"Intestinimonas",0
"Intestinimonas",0
"Intestinimonas",0
"Intestinimonas",0
"Intestinimonas",0
"Intestinimonas",0
"Intestinimonas",0
"Intestinimonas",0
"Intestinimonas",0
"Intestinimonas",0
"Intestinimonas",0
"Intestinimonas",0
"Intestinimonas",0
"Fusicatenibacter",0
"Fusicatenibacter",0
"Fusicatenibacter",0
"Fusicatenibacter",0
"Fusicatenibacter",0
"Fusicatenibacter",0
"Fusicatenibacter",0
"Fusicatenibacter",0
"Fusicatenibacter",0
"Fusicatenibacter",0
"Fusicatenibacter",0
"Fusicatenibacter",0
"Fusicatenibacter",0
"Fusicatenibacter",0
"Fusicatenibacter",0
"Fusicatenibacter",0
"Fusicatenibacter",0
"Eisenbergiella",0
"Eisenbergiella",0
"Eisenbergiella",0
"Eisenbergiella",0
"Eisenbergiella",0
"Eisenbergiella",0
"Eisenbergiella",0
"Eisenbergiella",0
"Eisenbergiella",0
"Eisenbergiella",0
"Eisenbergiella",0
"Eisenbergiella",0
"Eisenbergiella",0
"Eisenbergiella",0
"Eisenbergiella",0
"Eisenbergiella",0
"Eisenbergiella",0
"Candidatus Stoquefichus",0
"Candidatus Stoquefichus",0
"Candidatus Stoquefichus",0
"Candidatus Stoquefichus",0
"Candidatus Stoquefichus",0
"Candidatus Stoquefichus",0
"Candidatus Stoquefichus",0
"Candidatus Stoquefichus",0
"Candidatus Stoquefichus",0
"Candidatus Stoquefichus",0
"Candidatus Stoquefichus",0
"Candidatus Stoquefichus",0
"Candidatus Stoquefichus",0
"Candidatus Stoquefichus",0
"Candidatus Stoquefichus",0
"Candidatus Stoquefichus",0
"Candidatus Stoquefichus",0
"Dielma",0
"Dielma",0
"Dielma",0
"Dielma",0
"Dielma",0
"Dielma",0
"Dielma",0
"Dielma",0
"Dielma",0
"Dielma",0
"Dielma",0
"Dielma",0
"Dielma",0
"Dielma",0
"Dielma",0
"Dielma",0
"Dielma",0
"Kallipyga",0
"Kallipyga",0
"Kallipyga",0
"Kallipyga",0
"Kallipyga",0
"Kallipyga",0
"Kallipyga",0
"Kallipyga",0
"Kallipyga",0
"Kallipyga",0
"Kallipyga",0
"Kallipyga",0
"Kallipyga",0
"Kallipyga",0
"Kallipyga",0
"Kallipyga",0
"Kallipyga",0
"Senegalimassilia",0
"Senegalimassilia",0
"Senegalimassilia",0
"Senegalimassilia",0
"Senegalimassilia",0
"Senegalimassilia",0
"Senegalimassilia",0
"Senegalimassilia",0
"Senegalimassilia",0
"Senegalimassilia",0
"Senegalimassilia",0
"Senegalimassilia",0
"Senegalimassilia",0
"Senegalimassilia",0
"Senegalimassilia",0
"Senegalimassilia",0
"Senegalimassilia",0
"Romboutsia",0
"Romboutsia",0
"Romboutsia",0
"Romboutsia",0
"Romboutsia",0
"Romboutsia",0
"Romboutsia",0
"Romboutsia",0
"Romboutsia",0
"Romboutsia",0
"Romboutsia",0
"Romboutsia",0
"Romboutsia",0
"Romboutsia",0
"Romboutsia",0
"Romboutsia",0
"Romboutsia",0
"Intestinibacter",0
"Intestinibacter",0
"Intestinibacter",0
"Intestinibacter",0
"Intestinibacter",0
"Intestinibacter",0
"Intestinibacter",0
"Intestinibacter",0
"Intestinibacter",0
"Intestinibacter",0
"Intestinibacter",0
"Intestinibacter",0
"Intestinibacter",0
"Intestinibacter",0
"Intestinibacter",0
"Intestinibacter",0
"Intestinibacter",0
"Asaccharospora",0
"Asaccharospora",0
"Asaccharospora",0
"Asaccharospora",0
"Asaccharospora",0
"Asaccharospora",0
"Asaccharospora",0
"Asaccharospora",0
"Asaccharospora",0
"Asaccharospora",0
"Asaccharospora",0
"Asaccharospora",0
"Asaccharospora",0
"Asaccharospora",0
"Asaccharospora",0
"Asaccharospora",0
"Asaccharospora",0
"Erysipelatoclostridium",0
"Erysipelatoclostridium",0
"Erysipelatoclostridium",0
"Erysipelatoclostridium",0
"Erysipelatoclostridium",0
"Erysipelatoclostridium",0
"Erysipelatoclostridium",0
"Erysipelatoclostridium",0
"Erysipelatoclostridium",0
"Erysipelatoclostridium",0
"Erysipelatoclostridium",0
"Erysipelatoclostridium",0
"Erysipelatoclostridium",0
"Erysipelatoclostridium",0
"Erysipelatoclostridium",0
"Erysipelatoclostridium",0
"Erysipelatoclostridium",0
"Lachnoclostridium",0
"Lachnoclostridium",0
"Lachnoclostridium",0
"Lachnoclostridium",0
"Lachnoclostridium",0
"Lachnoclostridium",0
"Lachnoclostridium",0
"Lachnoclostridium",0
"Lachnoclostridium",0
"Lachnoclostridium",0
"Lachnoclostridium",0
"Lachnoclostridium",0
"Lachnoclostridium",0
"Lachnoclostridium",0
"Lachnoclostridium",0
"Lachnoclostridium",0
"Lachnoclostridium",0
"Tyzzerella",0
"Tyzzerella",0
"Tyzzerella",0
"Tyzzerella",0
"Tyzzerella",0
"Tyzzerella",0
"Tyzzerella",0
"Tyzzerella",0
"Tyzzerella",0
"Tyzzerella",0
"Tyzzerella",0
"Tyzzerella",0
"Tyzzerella",0
"Tyzzerella",0
"Tyzzerella",0
"Tyzzerella",0
"Tyzzerella",0
"Faecalitalea",0
"Faecalitalea",0
"Faecalitalea",0
"Faecalitalea",0
"Faecalitalea",0
"Faecalitalea",0
"Faecalitalea",0
"Faecalitalea",0
"Faecalitalea",0
"Faecalitalea",0
"Faecalitalea",0
"Faecalitalea",0
"Faecalitalea",0
"Faecalitalea",0
"Faecalitalea",0
"Faecalitalea",0
"Faecalitalea",0
"Holdemanella",0
"Holdemanella",0
"Holdemanella",0
"Holdemanella",0
"Holdemanella",0
"Holdemanella",0
"Holdemanella",0
"Holdemanella",0
"Holdemanella",0
"Holdemanella",0
"Holdemanella",0
"Holdemanella",0
"Holdemanella",0
"Holdemanella",0
"Holdemanella",0
"Holdemanella",0
"Holdemanella",0
"Faecalicoccus",0
"Faecalicoccus",0
"Faecalicoccus",0
"Faecalicoccus",0
"Faecalicoccus",0
"Faecalicoccus",0
"Faecalicoccus",0
"Faecalicoccus",0
"Faecalicoccus",0
"Faecalicoccus",0
"Faecalicoccus",0
"Faecalicoccus",0
"Faecalicoccus",0
"Faecalicoccus",0
"Faecalicoccus",0
"Faecalicoccus",0
"Faecalicoccus",0
"Ezakiella",0
"Ezakiella",0
"Ezakiella",0
"Ezakiella",0
"Ezakiella",0
"Ezakiella",0
"Ezakiella",0
"Ezakiella",0
"Ezakiella",0
"Ezakiella",0
"Ezakiella",0
"Ezakiella",0
"Ezakiella",0
"Ezakiella",0
"Ezakiella",0
"Ezakiella",0
"Ezakiella",0
"Sanguibacteroides",0
"Sanguibacteroides",0
"Sanguibacteroides",0
"Sanguibacteroides",0
"Sanguibacteroides",0
"Sanguibacteroides",0
"Sanguibacteroides",0
"Sanguibacteroides",0
"Sanguibacteroides",0
"Sanguibacteroides",0
"Sanguibacteroides",0
"Sanguibacteroides",0
"Sanguibacteroides",0
"Sanguibacteroides",0
"Sanguibacteroides",0
"Sanguibacteroides",0
"Sanguibacteroides",0
"Mageeibacillus",0
"Mageeibacillus",0
"Mageeibacillus",0
"Mageeibacillus",0
"Mageeibacillus",0
"Mageeibacillus",0
"Mageeibacillus",0
"Mageeibacillus",0
"Mageeibacillus",0
"Mageeibacillus",0
"Mageeibacillus",0
"Mageeibacillus",0
"Mageeibacillus",0
"Mageeibacillus",0
"Mageeibacillus",0
"Mageeibacillus",0
"Mageeibacillus",0
"Hungatella",0
"Hungatella",0
"Hungatella",0
"Hungatella",0
"Hungatella",0
"Hungatella",0
"Hungatella",0
"Hungatella",0
"Hungatella",0
"Hungatella",0
"Hungatella",0
"Hungatella",0
"Hungatella",0
"Hungatella",0
"Hungatella",0
"Hungatella",0
"Hungatella",0
"Fenollaria",0
"Fenollaria",0
"Fenollaria",0
"Fenollaria",0
"Fenollaria",0
"Fenollaria",0
"Fenollaria",0
"Fenollaria",0
"Fenollaria",0
"Fenollaria",0
"Fenollaria",0
"Fenollaria",0
"Fenollaria",0
"Fenollaria",0
"Fenollaria",0
"Fenollaria",0
"Fenollaria",0
"Levyella",0
"Levyella",0
"Levyella",0
"Levyella",0
"Levyella",0
"Levyella",0
"Levyella",0
"Levyella",0
"Levyella",0
"Levyella",0
"Levyella",0
"Levyella",0
"Levyella",0
"Levyella",0
"Levyella",0
"Levyella",0
"Levyella",0
"Faecalibaculum",0
"Faecalibaculum",0
"Faecalibaculum",0
"Faecalibaculum",0
"Faecalibaculum",0
"Faecalibaculum",0
"Faecalibaculum",0
"Faecalibaculum",0
"Faecalibaculum",0
"Faecalibaculum",0
"Faecalibaculum",0
"Faecalibaculum",0
"Faecalibaculum",0
"Faecalibaculum",0
"Faecalibaculum",0
"Faecalibaculum",0
"Faecalibaculum",0
"Sellimonas",0
"Sellimonas",0
"Sellimonas",0
"Sellimonas",0
"Sellimonas",0
"Sellimonas",0
"Sellimonas",0
"Sellimonas",0
"Sellimonas",0
"Sellimonas",0
"Sellimonas",0
"Sellimonas",0
"Sellimonas",0
"Sellimonas",0
"Sellimonas",0
"Sellimonas",0
"Sellimonas",0
"Lawsonella",0
"Lawsonella",0
"Lawsonella",0
"Lawsonella",0
"Lawsonella",0
"Lawsonella",0
"Lawsonella",0
"Lawsonella",0
"Lawsonella",0
"Lawsonella",0
"Lawsonella",0
"Lawsonella",0
"Lawsonella",0
"Lawsonella",0
"Lawsonella",0
"Lawsonella",0
"Lawsonella",0
"Mycolicibacterium",0
"Mycolicibacterium",0
"Mycolicibacterium",0
"Mycolicibacterium",0
"Mycolicibacterium",0
"Mycolicibacterium",0
"Mycolicibacterium",0
"Mycolicibacterium",0
"Mycolicibacterium",0
"Mycolicibacterium",0
"Mycolicibacterium",0
"Mycolicibacterium",0
"Mycolicibacterium",0
"Mycolicibacterium",0
"Mycolicibacterium",0
"Mycolicibacterium",0
"Mycolicibacterium",0
"Clostridioides",0
"Clostridioides",0
"Clostridioides",0
"Clostridioides",0
"Clostridioides",0
"Clostridioides",0
"Clostridioides",0
"Clostridioides",0
"Clostridioides",0
"Clostridioides",0
"Clostridioides",0
"Clostridioides",0
"Clostridioides",0
"Clostridioides",0
"Clostridioides",0
"Clostridioides",0
"Clostridioides",0
"Ruthenibacterium",0
"Ruthenibacterium",0
"Ruthenibacterium",0
"Ruthenibacterium",0
"Ruthenibacterium",0
"Ruthenibacterium",0
"Ruthenibacterium",0
"Ruthenibacterium",0
"Ruthenibacterium",0
"Ruthenibacterium",0
"Ruthenibacterium",0
"Ruthenibacterium",0
"Ruthenibacterium",0
"Ruthenibacterium",0
"Ruthenibacterium",0
"Ruthenibacterium",0
"Ruthenibacterium",0
"Gabonibacter",0
"Gabonibacter",0
"Gabonibacter",0
"Gabonibacter",0
"Gabonibacter",0
"Gabonibacter",0
"Gabonibacter",0
"Gabonibacter",0
"Gabonibacter",0
"Gabonibacter",0
"Gabonibacter",0
"Gabonibacter",0
"Gabonibacter",0
"Gabonibacter",0
"Gabonibacter",0
"Gabonibacter",0
"Gabonibacter",0
"Pseudopropionibacterium",0
"Pseudopropionibacterium",0
"Pseudopropionibacterium",0
"Pseudopropionibacterium",0
"Pseudopropionibacterium",0
"Pseudopropionibacterium",0
"Pseudopropionibacterium",0
"Pseudopropionibacterium",0
"Pseudopropionibacterium",0
"Pseudopropionibacterium",0
"Pseudopropionibacterium",0
"Pseudopropionibacterium",0
"Pseudopropionibacterium",0
"Pseudopropionibacterium",0
"Pseudopropionibacterium",0
"Pseudopropionibacterium",0
"Pseudopropionibacterium",0
"Peptoanaerobacter",0
"Peptoanaerobacter",0
"Peptoanaerobacter",0
"Peptoanaerobacter",0
"Peptoanaerobacter",0
"Peptoanaerobacter",0
"Peptoanaerobacter",0
"Peptoanaerobacter",0
"Peptoanaerobacter",0
"Peptoanaerobacter",0
"Peptoanaerobacter",0.023809524
"Peptoanaerobacter",0
"Peptoanaerobacter",0
"Peptoanaerobacter",0
"Peptoanaerobacter",0
"Peptoanaerobacter",0
"Peptoanaerobacter",0
"Gabonia",0
"Gabonia",0
"Gabonia",0
"Gabonia",0
"Gabonia",0
"Gabonia",0
"Gabonia",0
"Gabonia",0
"Gabonia",0
"Gabonia",0
"Gabonia",0
"Gabonia",0
"Gabonia",0
"Gabonia",0
"Gabonia",0
"Gabonia",0
"Gabonia",0
"Bariatricus",0
"Bariatricus",0
"Bariatricus",0
"Bariatricus",0
"Bariatricus",0
"Bariatricus",0
"Bariatricus",0
"Bariatricus",0
"Bariatricus",0
"Bariatricus",0
"Bariatricus",0
"Bariatricus",0
"Bariatricus",0
"Bariatricus",0
"Bariatricus",0
"Bariatricus",0
"Bariatricus",0
"Neglecta",0
"Neglecta",0
"Neglecta",0
"Neglecta",0
"Neglecta",0
"Neglecta",0
"Neglecta",0
"Neglecta",0
"Neglecta",0
"Neglecta",0
"Neglecta",0
"Neglecta",0
"Neglecta",0
"Neglecta",0
"Neglecta",0
"Neglecta",0
"Neglecta",0
"Emergencia",0
"Emergencia",0
"Emergencia",0
"Emergencia",0
"Emergencia",0
"Emergencia",0
"Emergencia",0
"Emergencia",0
"Emergencia",0
"Emergencia",0
"Emergencia",0
"Emergencia",0
"Emergencia",0
"Emergencia",0
"Emergencia",0
"Emergencia",0
"Emergencia",0
"Culturomica",0
"Culturomica",0
"Culturomica",0
"Culturomica",0
"Culturomica",0
"Culturomica",0
"Culturomica",0
"Culturomica",0
"Culturomica",0
"Culturomica",0
"Culturomica",0
"Culturomica",0
"Culturomica",0
"Culturomica",0
"Culturomica",0
"Culturomica",0
"Culturomica",0
"Mediterranea",0
"Mediterranea",0
"Mediterranea",0
"Mediterranea",0
"Mediterranea",0
"Mediterranea",0
"Mediterranea",0
"Mediterranea",0
"Mediterranea",0
"Mediterranea",0
"Mediterranea",0
"Mediterranea",0
"Mediterranea",0
"Mediterranea",0
"Mediterranea",0
"Mediterranea",0
"Mediterranea",0
"Phocea",0
"Phocea",0
"Phocea",0
"Phocea",0
"Phocea",0
"Phocea",0
"Phocea",0
"Phocea",0
"Phocea",0
"Phocea",0
"Phocea",0
"Phocea",0
"Phocea",0
"Phocea",0
"Phocea",0
"Phocea",0
"Phocea",0
"Prevotellamassilia",0
"Prevotellamassilia",0
"Prevotellamassilia",0
"Prevotellamassilia",0
"Prevotellamassilia",0
"Prevotellamassilia",0
"Prevotellamassilia",0
"Prevotellamassilia",0
"Prevotellamassilia",0
"Prevotellamassilia",0
"Prevotellamassilia",0
"Prevotellamassilia",0
"Prevotellamassilia",0
"Prevotellamassilia",0
"Prevotellamassilia",0
"Prevotellamassilia",0
"Prevotellamassilia",0
"Traorella",0
"Traorella",0
"Traorella",0
"Traorella",0
"Traorella",0
"Traorella",0
"Traorella",0
"Traorella",0
"Traorella",0
"Traorella",0
"Traorella",0
"Traorella",0
"Traorella",0
"Traorella",0
"Traorella",0
"Traorella",0
"Traorella",0
"Tidjanibacter",0
"Tidjanibacter",0
"Tidjanibacter",0
"Tidjanibacter",0
"Tidjanibacter",0
"Tidjanibacter",0
"Tidjanibacter",0
"Tidjanibacter",0
"Tidjanibacter",0
"Tidjanibacter",0
"Tidjanibacter",0
"Tidjanibacter",0
"Tidjanibacter",0
"Tidjanibacter",0
"Tidjanibacter",0
"Tidjanibacter",0
"Tidjanibacter",0
"Bittarella",0
"Bittarella",0
"Bittarella",0
"Bittarella",0
"Bittarella",0
"Bittarella",0
"Bittarella",0
"Bittarella",0
"Bittarella",0
"Bittarella",0
"Bittarella",0
"Bittarella",0
"Bittarella",0
"Bittarella",0
"Bittarella",0
"Bittarella",0
"Bittarella",0
"Neofamilia",0
"Neofamilia",0
"Neofamilia",0
"Neofamilia",0
"Neofamilia",0
"Neofamilia",0
"Neofamilia",0
"Neofamilia",0
"Neofamilia",0
"Neofamilia",0
"Neofamilia",0
"Neofamilia",0
"Neofamilia",0
"Neofamilia",0
"Neofamilia",0
"Neofamilia",0
"Neofamilia",0
"Angelakisella",0
"Angelakisella",0
"Angelakisella",0
"Angelakisella",0
"Angelakisella",0
"Angelakisella",0
"Angelakisella",0
"Angelakisella",0
"Angelakisella",0
"Angelakisella",0
"Angelakisella",0
"Angelakisella",0
"Angelakisella",0
"Angelakisella",0
"Angelakisella",0
"Angelakisella",0
"Angelakisella",0
"Libanicoccus",0
"Libanicoccus",0
"Libanicoccus",0
"Libanicoccus",0
"Libanicoccus",0
"Libanicoccus",0
"Libanicoccus",0
"Libanicoccus",0
"Libanicoccus",0
"Libanicoccus",0
"Libanicoccus",0
"Libanicoccus",0
"Libanicoccus",0
"Libanicoccus",0
"Libanicoccus",0
"Libanicoccus",0
"Libanicoccus",0
"Merdibacter",0
"Merdibacter",0
"Merdibacter",0
"Merdibacter",0
"Merdibacter",0
"Merdibacter",0
"Merdibacter",0
"Merdibacter",0
"Merdibacter",0
"Merdibacter",0
"Merdibacter",0
"Merdibacter",0
"Merdibacter",0
"Merdibacter",0
"Merdibacter",0
"Merdibacter",0
"Merdibacter",0
"Massilioclostridium",0
"Massilioclostridium",0
"Massilioclostridium",0
"Massilioclostridium",0
"Massilioclostridium",0
"Massilioclostridium",0
"Massilioclostridium",0
"Massilioclostridium",0
"Massilioclostridium",0
"Massilioclostridium",0
"Massilioclostridium",0
"Massilioclostridium",0
"Massilioclostridium",0
"Massilioclostridium",0
"Massilioclostridium",0
"Massilioclostridium",0
"Massilioclostridium",0
"Criibacterium",0
"Criibacterium",0
"Criibacterium",0
"Criibacterium",0
"Criibacterium",0
"Criibacterium",0
"Criibacterium",0
"Criibacterium",0
"Criibacterium",0
"Criibacterium",0
"Criibacterium",0
"Criibacterium",0
"Criibacterium",0
"Criibacterium",0
"Criibacterium",0
"Criibacterium",0
"Criibacterium",0
"Fournierella",0
"Fournierella",0
"Fournierella",0
"Fournierella",0
"Fournierella",0
"Fournierella",0
"Fournierella",0
"Fournierella",0
"Fournierella",0
"Fournierella",0
"Fournierella",0
"Fournierella",0
"Fournierella",0
"Fournierella",0
"Fournierella",0
"Fournierella",0
"Fournierella",0
"Lagierella",0
"Lagierella",0
"Lagierella",0
"Lagierella",0
"Lagierella",0
"Lagierella",0
"Lagierella",0
"Lagierella",0
"Lagierella",0
"Lagierella",0
"Lagierella",0
"Lagierella",0
"Lagierella",0
"Lagierella",0
"Lagierella",0
"Lagierella",0
"Lagierella",0
"Urmitella",0
"Urmitella",0
"Urmitella",0
"Urmitella",0
"Urmitella",0
"Urmitella",0
"Urmitella",0
"Urmitella",0
"Urmitella",0
"Urmitella",0
"Urmitella",0
"Urmitella",0
"Urmitella",0
"Urmitella",0
"Urmitella",0
"Urmitella",0
"Urmitella",0
"Colibacter",0
"Colibacter",0
"Colibacter",0
"Colibacter",0
"Colibacter",0
"Colibacter",0
"Colibacter",0
"Colibacter",0
"Colibacter",0
"Colibacter",0
"Colibacter",0
"Colibacter",0
"Colibacter",0
"Colibacter",0
"Colibacter",0
"Colibacter",0
"Colibacter",0
"Alterileibacterium",0
"Alterileibacterium",0
"Alterileibacterium",0
"Alterileibacterium",0
"Alterileibacterium",0
"Alterileibacterium",0
"Alterileibacterium",0
"Alterileibacterium",0
"Alterileibacterium",0
"Alterileibacterium",0
"Alterileibacterium",0
"Alterileibacterium",0
"Alterileibacterium",0
"Alterileibacterium",0
"Alterileibacterium",0
"Alterileibacterium",0
"Alterileibacterium",0
"Negativibacillus",0
"Negativibacillus",0
"Negativibacillus",0
"Negativibacillus",0
"Negativibacillus",0
"Negativibacillus",0
"Negativibacillus",0
"Negativibacillus",0
"Negativibacillus",0
"Negativibacillus",0
"Negativibacillus",0
"Negativibacillus",0
"Negativibacillus",0
"Negativibacillus",0
"Negativibacillus",0
"Negativibacillus",0
"Negativibacillus",0
"Duodenibacillus",0
"Duodenibacillus",0
"Duodenibacillus",0
"Duodenibacillus",0
"Duodenibacillus",0
"Duodenibacillus",0
"Duodenibacillus",0
"Duodenibacillus",0
"Duodenibacillus",0
"Duodenibacillus",0
"Duodenibacillus",0
"Duodenibacillus",0
"Duodenibacillus",0
"Duodenibacillus",0
"Duodenibacillus",0
"Duodenibacillus",0
"Duodenibacillus",0
